{
    "camera_matrix": [
        [
            514.8230335851069,
            0.0,
            357.8542036549392
        ],
        [
            0.0,
            518.4203150196605,
            237.72995893453512
        ],
        [
            0.0,
            0.0,
            1.0
        ]
    ],
    "distortion_coefficients": [
        [
            0.18202342936193047,
            -0.03730278031726423,
            -0.0012894818369163748,
            0.01641412108667329,
            -0.5336515103182567
        ]
    ]
}